epoch,loss,running_acc,acc,running_nmi,nmi
1,-0.3452041175372093,0.15312750802568217,0.1019690576652602,0.33430209816197,0.131954442641438
