epoch,loss,running_acc,acc,running_nmi,nmi
1,-0.2134673188432048,0.13962805979133225,0.06447784810126582,0.2579746766858296,0.06757972278025365
2,-4.0129690436012375e-06,0.07460122391653291,0.07493846694796062,0.002641233327069525,0.01653310385687776
3,-0.0002054019158783132,0.07555427367576244,0.07524613220815753,0.008522900463937024,0.01683608219833298
4,-8.432340242725544e-11,0.07663899478330657,0.075070323488045,0.0,0.015769507059495747
5,-8.432340242725544e-11,0.07383627608346709,0.07480661040787623,0.0,0.015737014616323364
