epoch,loss,running_acc,acc,running_nmi,nmi
1,-0.358826189602869,0.14454588014981273,0.10992440225035162,0.3014919924389497,0.11849129753037878
