epoch,loss,running_acc,acc,running_nmi,nmi
1,-0.2620291217463091,0.1142547123015873,0.10460618846694796,0.2098524458338908,0.134452298329592
