epoch,loss,running_acc,acc,running_nmi,nmi
1,-0.34759678934822436,0.15724694020866775,0.1060126582278481,0.3334084098827654,0.1410795435404885
